timestamp_ms,exec,tamanho,tecnica,corrente_mA,tensao_V,potencia_mW,tempo_ms
900,,,,16.30,4.476,73.00,
1002,,,,15.75,4.495,71.75,
1104,,,,16.53,4.492,70.75,
1207,,,,15.70,4.505,70.75,
1309,,,,15.63,4.491,72.00,
1411,,,,16.23,4.509,73.25,
1514,,,,16.68,4.514,73.75,
1616,,,,16.23,4.509,73.25,
1718,,,,15.53,4.512,73.25,
1821,,,,15.63,4.504,74.50,
1923,,,,16.48,4.520,74.50,
2027,1,40,NORMAL,16.25,4.486,73.00,
2129,1,40,NORMAL,15.58,4.494,74.50,3
2132,1,40,NORMAL,16.63,4.491,73.75,
2234,1,40,NORMAL,15.63,4.510,70.50,
2336,1,40,NORMAL,15.48,4.491,73.25,
2439,1,40,NORMAL,15.70,4.512,70.75,
2542,2,40,NORMAL,15.98,4.492,68.50,
2645,2,40,NORMAL,16.23,4.520,70.75,3
2647,2,40,NORMAL,15.75,4.495,70.50,
2749,2,40,NORMAL,15.68,4.511,74.50,
2852,2,40,NORMAL,16.38,4.514,74.25,
2954,2,40,NORMAL,16.73,4.503,73.75,
3057,3,40,NORMAL,15.50,4.517,69.25,
3160,3,40,NORMAL,16.43,4.517,74.25,4
3162,3,40,NORMAL,16.60,4.503,74.50,
3265,3,40,NORMAL,16.23,4.523,69.75,
3367,3,40,NORMAL,15.70,4.514,70.75,
3469,3,40,NORMAL,15.93,4.524,73.00,
3573,4,40,NORMAL,15.20,4.508,68.50,
3675,4,40,NORMAL,16.55,4.504,72.50,4
3677,4,40,NORMAL,16.10,4.504,75.75,
3780,4,40,NORMAL,16.33,4.523,73.75,
3882,4,40,NORMAL,16.28,4.501,70.75,
3985,4,40,NORMAL,15.63,4.519,70.50,
4088,5,40,NORMAL,16.23,4.497,68.00,
4190,5,40,NORMAL,16.35,4.525,72.50,3
4193,5,40,NORMAL,16.05,4.505,75.00,
4295,5,40,NORMAL,16.23,4.515,70.00,
4397,5,40,NORMAL,15.55,4.526,70.50,
4500,5,40,NORMAL,15.88,4.512,70.50,
4603,6,40,NORMAL,16.20,4.529,68.50,
4706,6,40,NORMAL,15.60,4.523,70.50,4
4708,6,40,NORMAL,16.58,4.510,75.00,
4810,6,40,NORMAL,15.53,4.528,74.50,
4913,6,40,NORMAL,16.48,4.524,73.25,
5015,6,40,NORMAL,15.58,4.525,74.25,
5118,7,40,NORMAL,16.28,4.515,73.25,
5221,7,40,NORMAL,16.48,4.511,70.75,4
5223,7,40,NORMAL,15.75,4.505,72.50,
5325,7,40,NORMAL,16.53,4.530,75.00,
5428,7,40,NORMAL,16.53,4.530,70.75,
5530,7,40,NORMAL,15.50,4.525,70.00,
5633,8,40,NORMAL,15.48,4.505,72.50,
5736,8,40,NORMAL,15.53,4.531,70.50,3
5738,8,40,NORMAL,16.38,4.512,75.00,
5841,8,40,NORMAL,16.23,4.515,70.00,
5943,8,40,NORMAL,16.23,4.526,73.25,
6045,8,40,NORMAL,15.50,4.531,72.50,
6148,9,40,NORMAL,15.73,4.530,72.00,
6251,9,40,NORMAL,15.63,4.523,74.50,4
6253,9,40,NORMAL,15.55,4.509,70.00,
6356,9,40,NORMAL,15.93,4.535,69.25,
6458,9,40,NORMAL,16.03,4.523,70.50,
6560,9,40,NORMAL,16.53,4.534,75.00,
6664,10,40,NORMAL,16.60,4.514,75.00,
6766,10,40,NORMAL,15.90,4.536,71.25,4
6769,10,40,NORMAL,15.83,4.511,70.00,
6871,10,40,NORMAL,15.55,4.534,70.50,
6973,10,40,NORMAL,16.28,4.537,68.00,
7076,10,40,NORMAL,16.23,4.529,73.00,
899,,,,15.98,4.588,70.75,
1002,,,,16.03,4.579,75.00,
1104,,,,15.98,4.586,73.25,
1206,,,,16.05,4.570,74.50,
1309,,,,16.23,4.584,74.50,
1411,,,,15.38,4.585,74.50,
1514,,,,15.83,4.577,75.00,
1616,,,,16.03,4.586,71.75,
1718,,,,15.48,4.579,71.25,
1821,,,,16.45,4.584,75.25,
1923,,,,15.78,4.574,73.25,
2026,1,80,NORMAL,15.78,4.586,70.50,
2129,1,80,NORMAL,15.70,4.585,72.00,31
2131,1,80,NORMAL,15.58,4.571,71.25,
2234,1,80,NORMAL,16.03,4.586,73.00,
2336,1,80,NORMAL,16.38,4.582,75.00,
2439,1,80,NORMAL,16.48,4.585,73.25,
2542,2,80,NORMAL,15.28,4.577,70.00,
2644,2,80,NORMAL,16.18,4.571,74.50,31
2647,2,80,NORMAL,16.35,4.573,70.50,
2749,2,80,NORMAL,15.38,4.588,70.50,
2851,2,80,NORMAL,15.35,4.571,73.00,
2954,2,80,NORMAL,15.65,4.589,71.75,
3070,3,80,NORMAL,16.03,4.573,72.50,
3173,3,80,NORMAL,16.28,4.585,72.00,31
3175,3,80,NORMAL,15.75,4.574,72.50,
3277,3,80,NORMAL,16.48,4.575,74.50,
3380,3,80,NORMAL,15.83,4.588,72.50,
3482,3,80,NORMAL,15.70,4.570,75.25,
3601,4,80,NORMAL,15.23,4.566,74.50,
3704,4,80,NORMAL,16.30,4.581,74.50,31
3706,4,80,NORMAL,16.53,4.574,75.75,
3808,4,80,NORMAL,15.50,4.571,74.50,
3911,4,80,NORMAL,16.20,4.586,74.25,
4013,4,80,NORMAL,16.43,4.582,74.50,
4132,5,80,NORMAL,16.10,4.570,69.25,
4235,5,80,NORMAL,16.45,4.575,75.25,31
4237,5,80,NORMAL,16.20,4.568,74.25,
4340,5,80,NORMAL,16.15,4.586,73.00,
4442,5,80,NORMAL,16.35,4.584,75.00,
4544,5,80,NORMAL,16.28,4.584,73.75,
4663,6,80,NORMAL,15.80,4.573,71.25,
4766,6,80,NORMAL,15.70,4.577,71.75,31
4768,6,80,NORMAL,15.55,4.574,71.25,
4871,6,80,NORMAL,16.45,4.584,73.25,
4973,6,80,NORMAL,16.35,4.581,74.25,
5075,6,80,NORMAL,15.90,4.584,73.75,
5194,7,80,NORMAL,16.48,4.570,75.25,
5297,7,80,NORMAL,16.35,4.571,73.75,31
5300,7,80,NORMAL,16.10,4.571,74.25,
5402,7,80,NORMAL,16.08,4.586,70.50,
5504,7,80,NORMAL,16.23,4.580,73.00,
5607,7,80,NORMAL,15.83,4.588,72.50,
5726,8,80,NORMAL,16.13,4.571,73.75,
5828,8,80,NORMAL,16.33,4.568,74.25,31
5831,8,80,NORMAL,16.25,4.571,73.25,
5933,8,80,NORMAL,16.38,4.584,75.00,
6035,8,80,NORMAL,15.45,4.575,70.50,
6138,8,80,NORMAL,15.38,4.589,70.50,
6257,9,80,NORMAL,15.90,4.570,72.50,
6360,9,80,NORMAL,16.05,4.571,70.75,31
6362,9,80,NORMAL,15.48,4.571,71.25,
6464,9,80,NORMAL,15.60,4.588,71.75,
6567,9,80,NORMAL,15.53,4.586,74.25,
6669,9,80,NORMAL,16.38,4.584,75.00,
6790,10,80,NORMAL,15.83,4.571,69.75,
6893,10,80,NORMAL,16.33,4.588,70.75,31
6895,10,80,NORMAL,15.48,4.573,72.00,
6998,10,80,NORMAL,16.23,4.582,74.50,
7100,10,80,NORMAL,15.98,4.588,72.50,
7202,10,80,NORMAL,15.43,4.581,70.75,
797,,,,15.70,4.580,73.75,
900,,,,16.33,4.576,74.50,
1002,,,,15.48,4.582,74.25,
1105,,,,16.13,4.575,71.75,
1207,,,,15.88,4.585,73.00,
1309,,,,15.88,4.571,71.75,
1412,,,,16.08,4.585,73.75,
1514,,,,16.03,4.584,71.75,
1616,,,,16.33,4.577,75.25,
1719,,,,16.18,4.586,71.25,
1821,,,,16.48,4.573,74.50,
1923,,,,16.45,4.580,75.25,
2037,1,160,NORMAL,19.25,4.539,88.00,
2140,1,160,NORMAL,19.83,4.560,90.50,
2242,1,160,NORMAL,19.88,4.573,71.75,
2345,1,160,NORMAL,16.38,4.582,75.00,247
2347,1,160,NORMAL,16.38,4.566,74.50,
2450,1,160,NORMAL,15.50,4.577,71.25,
2552,1,160,NORMAL,16.20,4.581,74.25,
2654,1,160,NORMAL,15.75,4.568,73.25,
2785,2,160,NORMAL,19.40,4.541,89.25,
2887,2,160,NORMAL,19.78,4.563,90.00,
2989,2,160,NORMAL,19.95,4.570,70.50,
3092,2,160,NORMAL,15.35,4.585,74.25,247
3095,2,160,NORMAL,16.20,4.566,75.00,
3197,2,160,NORMAL,15.70,4.574,73.00,
3299,2,160,NORMAL,16.40,4.581,75.00,
3402,2,160,NORMAL,15.73,4.573,72.00,
3532,3,160,NORMAL,19.78,4.545,87.25,
3635,3,160,NORMAL,19.63,4.559,89.25,
3737,3,160,NORMAL,19.70,4.574,72.00,
3840,3,160,NORMAL,16.03,4.585,70.50,247
3842,3,160,NORMAL,15.40,4.571,74.25,
3945,3,160,NORMAL,16.33,4.577,74.50,
4047,3,160,NORMAL,15.53,4.582,71.25,
4149,3,160,NORMAL,16.33,4.568,74.50,
4280,4,160,NORMAL,19.48,4.541,88.50,
4382,4,160,NORMAL,19.35,4.559,88.00,
4485,4,160,NORMAL,20.08,4.574,72.00,
4588,4,160,NORMAL,15.78,4.580,74.50,247
4590,4,160,NORMAL,16.33,4.568,71.75,
4692,4,160,NORMAL,15.80,4.574,74.25,
4795,4,160,NORMAL,16.03,4.585,73.25,
4897,4,160,NORMAL,16.25,4.571,74.25,
5027,5,160,NORMAL,19.45,4.545,87.75,
5130,5,160,NORMAL,19.93,4.561,91.00,
5232,5,160,NORMAL,19.93,4.570,73.75,
5335,5,160,NORMAL,15.60,4.586,70.50,247
5337,5,160,NORMAL,15.40,4.566,75.25,
5440,5,160,NORMAL,16.38,4.576,74.50,
5542,5,160,NORMAL,16.18,4.584,74.25,
5644,5,160,NORMAL,15.55,4.573,75.00,
5775,6,160,NORMAL,19.23,4.543,89.25,
5877,6,160,NORMAL,19.45,4.561,89.00,
5980,6,160,NORMAL,19.85,4.571,74.50,
6083,6,160,NORMAL,16.20,4.582,74.25,247
6085,6,160,NORMAL,16.25,4.566,75.75,
6187,6,160,NORMAL,16.13,4.577,73.75,
6290,6,160,NORMAL,15.90,4.582,73.00,
6392,6,160,NORMAL,16.03,4.573,73.75,
6522,7,160,NORMAL,19.58,4.544,88.50,
6625,7,160,NORMAL,19.33,4.559,88.00,
6727,7,160,NORMAL,19.68,4.576,70.75,
6830,7,160,NORMAL,15.53,4.585,71.25,247
6832,7,160,NORMAL,15.63,4.569,73.25,
6935,7,160,NORMAL,15.60,4.579,72.00,
7037,7,160,NORMAL,16.23,4.585,74.50,
7140,7,160,NORMAL,15.73,4.573,75.00,
7270,8,160,NORMAL,19.43,4.544,87.75,
7372,8,160,NORMAL,19.63,4.559,89.25,
7475,8,160,NORMAL,19.65,4.570,74.25,
7578,8,160,NORMAL,15.45,4.585,70.50,247
7580,8,160,NORMAL,15.40,4.566,71.75,
7682,8,160,NORMAL,16.18,4.576,75.00,
7785,8,160,NORMAL,15.98,4.585,70.75,
7887,8,160,NORMAL,16.20,4.575,74.50,
8017,9,160,NORMAL,19.60,4.543,89.25,
8120,9,160,NORMAL,19.73,4.563,90.00,
8222,9,160,NORMAL,19.48,4.573,74.25,
8325,9,160,NORMAL,16.20,4.582,72.50,248
8327,9,160,NORMAL,15.90,4.568,73.25,
8430,9,160,NORMAL,16.38,4.577,75.25,
8532,9,160,NORMAL,16.45,4.582,74.25,
8635,9,160,NORMAL,16.38,4.573,74.50,
8767,10,160,NORMAL,19.53,4.545,88.00,
8869,10,160,NORMAL,19.58,4.563,89.25,
9016,10,160,NORMAL,15.68,4.564,71.75,247
9019,10,160,NORMAL,15.75,4.568,75.25,
9121,10,160,NORMAL,16.18,4.582,74.25,
9223,10,160,NORMAL,15.95,4.574,73.25,
9326,10,160,NORMAL,15.83,4.585,72.50,
9428,10,160,NORMAL,16.33,4.574,75.25,
899,,,,15.43,4.585,71.75,
1001,,,,16.33,4.574,75.25,
1104,,,,15.60,4.586,71.75,
1206,,,,15.58,4.574,72.00,
1308,,,,16.35,4.582,75.00,
1411,,,,15.65,4.586,70.50,
1513,,,,16.05,4.577,75.25,
1616,,,,16.18,4.584,73.00,
1718,,,,16.38,4.573,75.75,
1820,,,,15.83,4.585,72.50,
1923,,,,15.68,4.585,70.75,
2026,1,120,NORMAL,19.63,4.559,91.75,
2129,1,120,NORMAL,15.63,4.575,71.75,104
2131,1,120,NORMAL,15.78,4.568,72.00,
2233,1,120,NORMAL,16.00,4.585,70.50,
2336,1,120,NORMAL,15.68,4.584,71.75,
2438,1,120,NORMAL,16.10,4.585,71.75,
2541,1,120,NORMAL,16.08,4.580,73.75,
2644,2,120,NORMAL,19.53,4.565,89.75,
2746,2,120,NORMAL,16.23,4.581,74.50,105
2749,2,120,NORMAL,16.33,4.569,74.50,
2851,2,120,NORMAL,16.30,4.573,75.25,
2953,2,120,NORMAL,15.40,4.585,70.50,
3056,2,120,NORMAL,16.10,4.586,73.00,
3158,2,120,NORMAL,15.58,4.582,71.25,
3261,3,120,NORMAL,19.75,4.546,87.25,
3364,3,120,NORMAL,16.25,4.584,74.50,104
3366,3,120,NORMAL,16.38,4.570,75.00,
3469,3,120,NORMAL,16.08,4.574,74.25,
3571,3,120,NORMAL,15.75,4.586,72.00,
3673,3,120,NORMAL,16.33,4.571,73.25,
3776,3,120,NORMAL,15.78,4.586,72.50,
3879,4,120,NORMAL,19.68,4.548,89.75,
3982,4,120,NORMAL,16.43,4.582,74.50,104
3984,4,120,NORMAL,16.28,4.571,72.50,
4086,4,120,NORMAL,15.75,4.580,72.50,
4189,4,120,NORMAL,15.75,4.586,72.00,
4291,4,120,NORMAL,15.55,4.576,71.25,
4394,4,120,NORMAL,15.50,4.589,71.25,
4496,5,120,NORMAL,19.40,4.546,89.75,
4599,5,120,NORMAL,16.18,4.585,74.50,105
4602,5,120,NORMAL,16.28,4.568,74.50,
4704,5,120,NORMAL,16.00,4.584,73.25,
4806,5,120,NORMAL,16.18,4.585,73.00,
4909,5,120,NORMAL,16.50,4.577,74.50,
5044,6,120,NORMAL,19.38,4.545,88.00,
5150,6,120,NORMAL,16.25,4.566,73.25,105
5153,6,120,NORMAL,16.00,4.571,70.75,
5255,6,120,NORMAL,16.13,4.575,72.50,
5357,6,120,NORMAL,15.75,4.586,72.00,
5460,6,120,NORMAL,15.75,4.571,72.00,
5562,6,120,NORMAL,16.03,4.588,73.75,
5665,7,120,NORMAL,19.35,4.548,88.00,
5768,7,120,NORMAL,16.28,4.585,73.75,104
5770,7,120,NORMAL,16.13,4.573,70.75,
5873,7,120,NORMAL,15.60,4.581,72.00,
5975,7,120,NORMAL,16.25,4.585,74.50,
6078,7,120,NORMAL,15.93,4.582,73.00,
6180,7,120,NORMAL,15.55,4.588,70.75,
6283,8,120,NORMAL,19.68,4.552,89.75,
6386,8,120,NORMAL,15.48,4.569,70.50,105
6388,8,120,NORMAL,15.43,4.573,72.00,
6491,8,120,NORMAL,16.45,4.584,75.25,
6593,8,120,NORMAL,15.53,4.573,72.50,
6695,8,120,NORMAL,16.43,4.585,75.25,
6798,8,120,NORMAL,15.68,4.584,74.25,
6901,9,120,NORMAL,19.90,4.559,90.50,
7004,9,120,NORMAL,16.43,4.566,74.50,105
7006,9,120,NORMAL,16.30,4.568,73.00,
7108,9,120,NORMAL,16.28,4.584,74.50,
7211,9,120,NORMAL,16.23,4.574,75.25,
7313,9,120,NORMAL,16.30,4.585,74.50,
7415,9,120,NORMAL,15.85,4.588,72.00,
7518,10,120,NORMAL,19.68,4.563,89.75,
7621,10,120,NORMAL,16.58,4.571,75.75,104
7624,10,120,NORMAL,16.38,4.566,75.00,
7726,10,120,NORMAL,15.90,4.588,71.25,
7828,10,120,NORMAL,15.78,4.577,73.25,
7931,10,120,NORMAL,16.23,4.585,74.50,
800,,,,16.35,4.604,75.25,
902,,,,15.20,4.601,74.50,
1005,,,,15.73,4.601,72.50,
1107,,,,15.50,4.602,74.25,
1209,,,,16.48,4.593,70.50,
1312,,,,16.18,4.601,74.50,
1414,,,,15.73,4.588,72.50,
1516,,,,16.25,4.604,75.00,
1619,,,,15.38,4.600,74.25,
1721,,,,15.53,4.600,75.25,
1824,,,,16.03,4.605,72.50,
1926,,,,16.25,4.594,70.50,
2060,1,200,NORMAL,19.75,4.563,89.00,
2163,1,200,NORMAL,19.50,4.582,89.25,
2265,1,200,NORMAL,19.48,4.577,91.75,
2367,1,200,NORMAL,20.23,4.577,92.50,
2470,1,200,NORMAL,16.23,4.585,69.75,375
2473,1,200,NORMAL,15.18,4.585,75.00,
2575,1,200,NORMAL,15.23,4.597,70.00,
2677,1,200,NORMAL,16.30,4.604,70.00,
2780,1,200,NORMAL,15.88,4.595,73.00,
2882,1,200,NORMAL,15.90,4.600,70.00,
2985,2,200,NORMAL,19.98,4.574,91.25,
3087,2,200,NORMAL,20.13,4.581,92.25,
3190,2,200,NORMAL,19.83,4.580,91.25,
3314,2,200,NORMAL,16.03,4.588,73.25,376
3317,2,200,NORMAL,15.95,4.588,70.75,
3419,2,200,NORMAL,16.15,4.591,70.50,
3521,2,200,NORMAL,15.75,4.605,72.50,
3624,2,200,NORMAL,15.65,4.589,73.00,
3726,2,200,NORMAL,16.35,4.602,75.25,
3829,3,200,NORMAL,19.73,4.566,90.50,
3931,3,200,NORMAL,20.00,4.581,91.75,
4034,3,200,NORMAL,19.65,4.569,91.25,
4136,3,200,NORMAL,19.85,4.582,91.00,
4239,3,200,NORMAL,15.58,4.585,70.00,376
4241,3,200,NORMAL,15.30,4.588,74.50,
4344,3,200,NORMAL,15.50,4.601,71.25,
4446,3,200,NORMAL,15.95,4.591,72.00,
4548,3,200,NORMAL,15.58,4.600,71.75,
4689,4,200,NORMAL,19.43,4.565,89.75,
4792,4,200,NORMAL,19.53,4.581,89.75,
4894,4,200,NORMAL,19.63,4.571,89.75,
4996,4,200,NORMAL,20.13,4.584,92.25,
5099,4,200,NORMAL,15.48,4.586,72.00,376
5102,4,200,NORMAL,15.70,4.585,74.50,
5204,4,200,NORMAL,15.55,4.601,73.75,
5306,4,200,NORMAL,15.58,4.594,73.25,
5408,4,200,NORMAL,15.23,4.593,75.00,
5510,4,200,NORMAL,16.33,4.601,75.00,
5613,5,200,NORMAL,20.08,4.566,91.00,
5715,5,200,NORMAL,19.63,4.580,89.75,
5818,5,200,NORMAL,19.80,4.571,92.25,
5943,5,200,NORMAL,15.20,4.586,68.75,376
5946,5,200,NORMAL,15.03,4.588,74.50,
6048,5,200,NORMAL,15.50,4.601,71.25,
6150,5,200,NORMAL,16.18,4.604,70.75,
6253,5,200,NORMAL,15.40,4.597,70.75,
6355,5,200,NORMAL,16.30,4.601,69.75,
6458,6,200,NORMAL,19.80,4.573,90.50,
6560,6,200,NORMAL,19.93,4.582,89.00,
6663,6,200,NORMAL,20.00,4.577,91.25,
6765,6,200,NORMAL,20.13,4.581,88.50,
6868,6,200,NORMAL,16.18,4.591,74.25,375
6870,6,200,NORMAL,15.95,4.590,73.25,
6973,6,200,NORMAL,15.68,4.599,73.75,
7075,6,200,NORMAL,16.28,4.600,71.75,
7177,6,200,NORMAL,15.30,4.605,70.00,
7318,7,200,NORMAL,19.75,4.568,90.00,
7421,7,200,NORMAL,19.78,4.581,90.50,
7523,7,200,NORMAL,19.53,4.577,89.25,
7625,7,200,NORMAL,20.08,4.582,91.00,
7728,7,200,NORMAL,15.35,4.594,70.50,376
7731,7,200,NORMAL,16.15,4.590,74.25,
7833,7,200,NORMAL,16.18,4.602,73.25,
7935,7,200,NORMAL,16.38,4.597,75.25,
8038,7,200,NORMAL,16.05,4.599,74.50,
8140,7,200,NORMAL,15.53,4.594,75.00,
8243,8,200,NORMAL,19.93,4.581,91.75,
8345,8,200,NORMAL,20.20,4.580,92.50,
8448,8,200,NORMAL,20.03,4.582,89.25,
8572,8,200,NORMAL,15.85,4.588,73.75,376
8575,8,200,NORMAL,15.33,4.585,70.50,
8677,8,200,NORMAL,15.43,4.605,70.75,
8779,8,200,NORMAL,16.18,4.596,70.75,
8882,8,200,NORMAL,16.20,4.602,74.50,
8984,8,200,NORMAL,16.05,4.594,70.75,
9087,9,200,NORMAL,19.45,4.581,89.25,
9189,9,200,NORMAL,19.83,4.574,91.75,
9292,9,200,NORMAL,19.73,4.582,90.50,
9394,9,200,NORMAL,19.43,4.569,90.50,
9497,9,200,NORMAL,16.03,4.605,73.75,375
9499,9,200,NORMAL,15.48,4.588,75.25,
9602,9,200,NORMAL,16.33,4.597,72.50,
9704,9,200,NORMAL,16.38,4.601,75.25,
9807,9,200,NORMAL,16.05,4.589,73.25,
9949,10,200,NORMAL,19.63,4.569,92.50,
10052,10,200,NORMAL,20.20,4.574,89.25,
10154,10,200,NORMAL,19.48,4.581,89.25,
10257,10,200,NORMAL,20.18,4.568,92.50,
10359,10,200,NORMAL,15.35,4.606,72.00,376
10362,10,200,NORMAL,15.73,4.588,75.75,
10464,10,200,NORMAL,16.08,4.599,74.25,
10567,10,200,NORMAL,15.55,4.602,71.75,
10669,10,200,NORMAL,15.53,4.593,73.25,
10771,10,200,NORMAL,15.65,4.601,72.00,
83,,,,0.00,4.298,70.00,
185,,,,16.08,4.590,73.75,
289,1,40,MODULAR,14.95,4.557,68.00,
391,1,40,MODULAR,15.73,4.576,72.50,2
394,1,40,MODULAR,15.88,4.554,74.25,
496,1,40,MODULAR,16.43,4.568,75.00,
599,1,40,MODULAR,16.38,4.566,73.75,
701,1,40,MODULAR,16.30,4.560,75.00,
804,2,40,MODULAR,16.05,4.544,72.50,
907,2,40,MODULAR,15.43,4.559,70.50,1
909,2,40,MODULAR,15.43,4.539,72.50,
1011,2,40,MODULAR,15.65,4.543,70.00,
1114,2,40,MODULAR,15.48,4.552,70.50,
1216,2,40,MODULAR,16.40,4.531,74.25,
1319,3,40,MODULAR,15.25,4.545,72.50,
1422,3,40,MODULAR,16.33,4.537,74.25,2
1424,3,40,MODULAR,15.90,4.526,72.00,
1527,3,40,MODULAR,16.18,4.541,72.50,
1629,3,40,MODULAR,16.58,4.530,74.25,
1732,3,40,MODULAR,16.65,4.534,72.50,
1835,4,40,MODULAR,16.15,4.515,73.00,
1937,4,40,MODULAR,16.55,4.506,73.75,1
1940,4,40,MODULAR,16.33,4.509,75.00,
2042,4,40,MODULAR,16.53,4.529,75.00,
2144,4,40,MODULAR,15.45,4.503,73.00,
2247,4,40,MODULAR,15.85,4.516,71.75,
2350,5,40,MODULAR,15.83,4.492,71.75,
2453,5,40,MODULAR,16.65,4.516,74.50,2
2455,5,40,MODULAR,16.55,4.495,71.25,
2557,5,40,MODULAR,15.68,4.508,75.00,
2660,5,40,MODULAR,16.45,4.514,72.50,
2762,5,40,MODULAR,15.85,4.503,74.50,
2865,6,40,MODULAR,16.13,4.515,68.50,
2968,6,40,MODULAR,16.75,4.501,75.25,1
2970,6,40,MODULAR,16.43,4.488,73.75,
3073,6,40,MODULAR,16.43,4.480,70.75,
3175,6,40,MODULAR,16.13,4.499,72.50,
3278,6,40,MODULAR,16.80,4.499,73.00,
3381,7,40,MODULAR,16.23,4.488,73.00,
3483,7,40,MODULAR,15.78,4.474,75.00,2
3486,7,40,MODULAR,16.73,4.465,70.75,
3588,7,40,MODULAR,16.08,4.489,71.75,
3690,7,40,MODULAR,16.35,4.470,73.00,
3793,7,40,MODULAR,16.70,4.489,75.00,
3896,8,40,MODULAR,16.38,4.463,73.00,
3999,8,40,MODULAR,16.55,4.486,69.25,1
4001,8,40,MODULAR,15.50,4.459,75.75,
4103,8,40,MODULAR,16.80,4.486,75.25,
4206,8,40,MODULAR,16.85,4.488,68.50,
4308,8,40,MODULAR,16.45,4.477,73.75,
4411,9,40,MODULAR,16.28,4.460,67.50,
4514,9,40,MODULAR,16.13,4.484,72.50,2
4516,9,40,MODULAR,16.55,4.461,71.75,
4619,9,40,MODULAR,15.70,4.472,75.00,
4721,9,40,MODULAR,16.03,4.483,71.75,
4823,9,40,MODULAR,16.78,4.456,70.75,
4927,10,40,MODULAR,16.30,4.480,68.75,
5029,10,40,MODULAR,16.60,4.465,74.25,1
5032,10,40,MODULAR,16.78,4.451,74.50,
5134,10,40,MODULAR,15.58,4.476,74.25,
5236,10,40,MODULAR,16.00,4.472,75.25,
5339,10,40,MODULAR,15.78,4.475,71.75,
1003,,,,16.30,4.434,72.00,
1106,,,,16.25,4.439,70.50,
1208,,,,15.73,4.440,70.00,
1310,,,,16.08,4.443,69.25,
1413,,,,16.85,4.430,70.50,
1515,,,,15.98,4.446,70.75,
1617,,,,16.18,4.435,74.25,
1720,,,,16.38,4.449,73.00,
1822,,,,16.13,4.443,72.50,
1924,,,,16.88,4.438,75.00,
2028,1,80,MODULAR,16.08,4.399,67.50,
2131,1,80,MODULAR,15.73,4.441,74.25,10
2133,1,80,MODULAR,16.78,4.414,70.00,
2235,1,80,MODULAR,17.08,4.436,75.75,
2338,1,80,MODULAR,17.15,4.438,69.75,
2440,1,80,MODULAR,17.18,4.423,70.75,
2543,2,80,MODULAR,16.00,4.438,67.50,
2646,2,80,MODULAR,16.50,4.435,73.25,9
2648,2,80,MODULAR,16.90,4.410,74.50,
2751,2,80,MODULAR,15.93,4.420,75.00,
2853,2,80,MODULAR,16.30,4.435,72.00,
2955,2,80,MODULAR,16.30,4.435,69.25,
3059,3,80,MODULAR,16.80,4.432,74.50,
3161,3,80,MODULAR,16.83,4.419,74.50,9
3164,3,80,MODULAR,15.85,4.404,69.75,
3266,3,80,MODULAR,16.35,4.436,71.75,
3368,3,80,MODULAR,16.50,4.421,71.25,
3471,3,80,MODULAR,15.95,4.430,70.75,
3574,4,80,MODULAR,16.98,4.414,75.00,
3677,4,80,MODULAR,16.10,4.403,69.75,10
3679,4,80,MODULAR,15.80,4.405,76.50,
3781,4,80,MODULAR,16.70,4.435,74.25,
3884,4,80,MODULAR,15.73,4.429,73.00,
3986,4,80,MODULAR,16.58,4.427,73.25,
4089,5,80,MODULAR,16.70,4.403,71.25,
4192,5,80,MODULAR,16.90,4.436,73.75,9
4194,5,80,MODULAR,16.73,4.406,73.75,
4297,5,80,MODULAR,15.88,4.426,75.00,
4399,5,80,MODULAR,16.45,4.434,73.00,
4501,5,80,MODULAR,15.85,4.414,70.00,
4604,6,80,MODULAR,16.78,4.438,68.50,
4707,6,80,MODULAR,15.88,4.424,70.50,10
4710,6,80,MODULAR,17.08,4.406,75.25,
4812,6,80,MODULAR,17.28,4.438,69.25,
4914,6,80,MODULAR,17.20,4.434,76.25,
5017,6,80,MODULAR,16.98,4.436,69.75,
5120,7,80,MODULAR,16.15,4.424,71.25,
5223,7,80,MODULAR,17.15,4.409,70.75,9
5225,7,80,MODULAR,16.03,4.409,72.00,
5327,7,80,MODULAR,16.25,4.435,72.00,
5430,7,80,MODULAR,16.33,4.418,74.50,
5532,7,80,MODULAR,16.38,4.435,72.50,
5635,8,80,MODULAR,16.35,4.409,73.00,
5738,8,80,MODULAR,16.25,4.436,69.25,9
5740,8,80,MODULAR,15.68,4.405,73.00,
5843,8,80,MODULAR,16.08,4.432,71.25,
5945,8,80,MODULAR,15.98,4.435,74.25,
6047,8,80,MODULAR,17.10,4.421,70.50,
6150,9,80,MODULAR,15.68,4.432,70.00,
6253,9,80,MODULAR,16.28,4.432,72.00,10
6256,9,80,MODULAR,16.63,4.409,73.25,
6358,9,80,MODULAR,16.13,4.420,75.75,
6460,9,80,MODULAR,17.05,4.439,75.75,
6563,9,80,MODULAR,15.98,4.435,72.50,
6669,10,80,MODULAR,16.88,4.403,74.25,
6772,10,80,MODULAR,15.98,4.407,74.25,9
6775,10,80,MODULAR,16.78,4.406,69.75,
6877,10,80,MODULAR,16.23,4.435,72.00,
6979,10,80,MODULAR,15.90,4.435,70.00,
7082,10,80,MODULAR,15.90,4.435,70.50,
1105,,,,16.33,4.469,73.00,
1207,,,,16.28,4.471,70.75,
1309,,,,16.70,4.472,72.50,
1412,,,,16.13,4.463,70.50,
1514,,,,16.53,4.449,72.50,
1617,,,,16.83,4.477,75.25,
1719,,,,15.95,4.426,69.75,
1821,,,,16.20,4.455,72.00,
1924,,,,16.50,4.454,73.25,
2027,1,120,MODULAR,16.05,4.440,71.75,
2130,1,120,MODULAR,15.73,4.434,69.75,35
2132,1,120,MODULAR,15.80,4.421,70.00,
2235,1,120,MODULAR,15.78,4.446,69.25,
2337,1,120,MODULAR,15.85,4.444,70.50,
2439,1,120,MODULAR,16.63,4.470,67.50,
2559,2,120,MODULAR,15.98,4.445,70.50,
2662,2,120,MODULAR,15.98,4.466,70.00,34
2664,2,120,MODULAR,15.83,4.438,73.00,
2767,2,120,MODULAR,16.65,4.454,73.75,
2869,2,120,MODULAR,15.60,4.456,69.75,
2971,2,120,MODULAR,15.78,4.450,69.25,
3094,3,120,MODULAR,16.58,4.443,73.75,
3197,3,120,MODULAR,16.68,4.459,74.50,35
3199,3,120,MODULAR,16.93,4.450,75.25,
3302,3,120,MODULAR,16.68,4.492,68.75,
3404,3,120,MODULAR,16.75,4.492,75.25,
3507,3,120,MODULAR,16.08,4.501,70.75,
3629,4,120,MODULAR,15.50,4.470,69.25,
3732,4,120,MODULAR,15.78,4.477,72.00,35
3735,4,120,MODULAR,16.13,4.476,73.00,
3837,4,120,MODULAR,16.28,4.500,73.25,
3939,4,120,MODULAR,15.88,4.481,74.50,
4042,4,120,MODULAR,15.68,4.503,70.50,
4164,5,120,MODULAR,15.65,4.499,73.75,
4267,5,120,MODULAR,15.68,4.516,73.25,35
4270,5,120,MODULAR,16.35,4.494,73.75,
4372,5,120,MODULAR,15.75,4.509,75.75,
4474,5,120,MODULAR,16.13,4.515,73.00,
4577,5,120,MODULAR,15.80,4.497,73.25,
4699,6,120,MODULAR,15.50,4.483,70.50,
4802,6,120,MODULAR,15.73,4.496,70.75,35
4805,6,120,MODULAR,16.58,4.485,74.50,
4907,6,120,MODULAR,16.58,4.508,69.25,
5009,6,120,MODULAR,15.88,4.500,71.25,
5112,6,120,MODULAR,16.53,4.506,71.25,
5235,7,120,MODULAR,16.58,4.485,74.50,
5337,7,120,MODULAR,15.78,4.480,73.25,35
5340,7,120,MODULAR,16.40,4.479,70.00,
5442,7,120,MODULAR,16.45,4.503,74.25,
5545,7,120,MODULAR,16.33,4.486,70.75,
5647,7,120,MODULAR,15.88,4.504,71.75,
5770,8,120,MODULAR,15.48,4.479,71.25,
5873,8,120,MODULAR,15.65,4.497,74.25,35
5875,8,120,MODULAR,16.55,4.476,75.00,
5977,8,120,MODULAR,16.78,4.485,72.50,
6080,8,120,MODULAR,16.65,4.490,70.50,
6182,8,120,MODULAR,16.25,4.470,71.25,
6305,9,120,MODULAR,16.20,4.459,69.25,
6408,9,120,MODULAR,16.30,4.469,73.00,35
6410,9,120,MODULAR,16.10,4.457,71.75,
6512,9,120,MODULAR,15.68,4.484,73.25,
6615,9,120,MODULAR,16.38,4.481,73.25,
6717,9,120,MODULAR,15.98,4.486,71.25,
6842,10,120,MODULAR,15.68,4.459,70.00,
6945,10,120,MODULAR,16.43,4.457,68.75,35
6947,10,120,MODULAR,15.48,4.461,75.75,
7050,10,120,MODULAR,16.85,4.485,75.75,
7152,10,120,MODULAR,16.60,4.461,74.25,
7254,10,120,MODULAR,16.15,4.474,72.00,
1104,,,,17.38,4.330,74.25,
1206,,,,16.70,4.367,73.00,
1309,,,,16.28,4.364,68.50,
1411,,,,16.08,4.378,73.25,
1513,,,,17.28,4.356,69.75,
1616,,,,16.43,4.338,70.50,
1718,,,,17.18,4.364,75.00,
1820,,,,16.85,4.338,69.75,
1923,,,,16.38,4.339,71.25,
2040,1,160,MODULAR,21.10,4.247,91.75,
2143,1,160,MODULAR,17.15,4.360,75.00,74
2146,1,160,MODULAR,17.35,4.345,75.25,
2248,1,160,MODULAR,17.08,4.386,70.75,
2350,1,160,MODULAR,16.15,4.371,70.50,
2453,1,160,MODULAR,16.58,4.366,75.25,
2556,1,160,MODULAR,17.25,4.370,75.25,
2659,2,160,MODULAR,16.73,4.346,73.00,
2762,2,160,MODULAR,16.28,4.354,68.75,74
2764,2,160,MODULAR,15.95,4.319,70.50,
2866,2,160,MODULAR,17.38,4.343,73.75,
2969,2,160,MODULAR,16.18,4.340,70.00,
3071,2,160,MODULAR,17.33,4.311,75.00,
3190,3,160,MODULAR,20.88,4.278,91.75,
3293,3,160,MODULAR,16.88,4.356,73.75,75
3295,3,160,MODULAR,16.13,4.325,70.50,
3397,3,160,MODULAR,16.80,4.343,76.25,
3500,3,160,MODULAR,17.45,4.355,76.25,
3602,3,160,MODULAR,17.40,4.320,71.75,
3704,3,160,MODULAR,17.13,4.338,74.25,
3808,4,160,MODULAR,16.28,4.311,69.25,
3910,4,160,MODULAR,17.55,4.344,70.50,75
3913,4,160,MODULAR,16.38,4.309,69.25,
4015,4,160,MODULAR,16.00,4.356,69.75,
4117,4,160,MODULAR,17.10,4.369,71.25,
4220,4,160,MODULAR,17.25,4.344,70.75,
4339,5,160,MODULAR,21.10,4.285,90.50,
4442,5,160,MODULAR,17.15,4.367,69.25,74
4444,5,160,MODULAR,15.93,4.335,74.50,
4547,5,160,MODULAR,16.13,4.350,70.00,
4649,5,160,MODULAR,16.48,4.347,73.75,
4751,5,160,MODULAR,17.28,4.351,77.00,
4854,5,160,MODULAR,17.08,4.360,75.00,
4957,6,160,MODULAR,16.15,4.350,70.50,
5060,6,160,MODULAR,16.03,4.347,71.75,74
5062,6,160,MODULAR,16.53,4.344,70.75,
5164,6,160,MODULAR,17.38,4.379,76.25,
5267,6,160,MODULAR,16.03,4.351,72.50,
5369,6,160,MODULAR,16.73,4.372,73.25,
5488,7,160,MODULAR,20.70,4.319,89.25,
5591,7,160,MODULAR,16.83,4.361,75.25,75
5594,7,160,MODULAR,17.30,4.356,71.75,
5696,7,160,MODULAR,16.00,4.386,71.25,
5798,7,160,MODULAR,16.35,4.347,76.25,
5901,7,160,MODULAR,17.45,4.365,76.25,
6003,7,160,MODULAR,16.35,4.344,73.25,
6106,8,160,MODULAR,15.93,4.380,67.50,
6209,8,160,MODULAR,17.05,4.370,74.50,74
6212,8,160,MODULAR,16.73,4.349,73.00,
6314,8,160,MODULAR,16.35,4.380,71.25,
6416,8,160,MODULAR,17.15,4.370,75.00,
6519,8,160,MODULAR,17.30,4.375,70.50,
6638,9,160,MODULAR,20.75,4.310,91.75,
6741,9,160,MODULAR,16.03,4.375,70.00,74
6743,9,160,MODULAR,17.20,4.355,75.00,
6846,9,160,MODULAR,16.00,4.355,75.00,
6948,9,160,MODULAR,16.85,4.381,73.75,
7050,9,160,MODULAR,16.03,4.391,73.00,
7153,9,160,MODULAR,17.30,4.381,70.00,
7256,10,160,MODULAR,16.28,4.355,67.50,
7359,10,160,MODULAR,16.95,4.380,70.00,74
7361,10,160,MODULAR,16.08,4.344,75.75,
7463,10,160,MODULAR,16.90,4.352,75.75,
7566,10,160,MODULAR,17.43,4.354,75.75,
7668,10,160,MODULAR,17.15,4.332,74.50,
696,,,,16.68,4.298,70.75,
799,,,,17.43,4.159,72.50,
901,,,,17.75,4.159,72.50,
1004,,,,17.53,4.278,75.00,
1106,,,,17.03,4.273,73.75,
1208,,,,17.73,4.262,75.75,
1311,,,,16.60,4.287,68.50,
1413,,,,17.43,4.281,74.50,
1515,,,,16.40,4.289,70.50,
1618,,,,17.38,4.275,69.75,
1720,,,,16.15,4.295,69.25,
1822,,,,16.25,4.290,68.75,
1925,,,,16.50,4.291,70.75,
2061,1,200,MODULAR,20.73,4.244,89.00,
2189,1,200,MODULAR,16.25,4.298,69.75,126
2191,1,200,MODULAR,16.18,4.296,73.25,
2294,1,200,MODULAR,17.35,4.332,75.25,
2396,1,200,MODULAR,16.45,4.323,72.00,
2498,1,200,MODULAR,16.10,4.330,69.75,
2601,1,200,MODULAR,16.68,4.329,70.50,
2704,2,200,MODULAR,21.15,4.289,90.50,
2816,2,200,MODULAR,16.78,4.301,72.00,126
2818,2,200,MODULAR,17.53,4.304,75.25,
2920,2,200,MODULAR,17.00,4.332,75.25,
3023,2,200,MODULAR,17.13,4.323,70.50,
3125,2,200,MODULAR,17.33,4.334,75.00,
3227,2,200,MODULAR,16.95,4.313,71.75,
3331,3,200,MODULAR,20.80,4.256,89.75,
3442,3,200,MODULAR,16.73,4.298,72.00,126
3444,3,200,MODULAR,16.58,4.300,71.25,
3547,3,200,MODULAR,16.43,4.307,70.00,
3649,3,200,MODULAR,16.20,4.332,70.00,
3752,3,200,MODULAR,16.48,4.338,74.50,
3854,3,200,MODULAR,16.10,4.330,72.00,
3957,4,200,MODULAR,21.05,4.273,88.50,
4069,4,200,MODULAR,16.43,4.311,71.75,126
4071,4,200,MODULAR,16.58,4.313,69.25,
4173,4,200,MODULAR,16.03,4.336,75.25,
4276,4,200,MODULAR,17.18,4.344,74.50,
4378,4,200,MODULAR,16.43,4.327,72.50,
4481,4,200,MODULAR,16.90,4.347,73.25,
4584,5,200,MODULAR,20.90,4.276,89.75,
4695,5,200,MODULAR,17.25,4.309,74.25,126
4698,5,200,MODULAR,17.23,4.314,75.00,
4800,5,200,MODULAR,17.43,4.341,75.75,
4902,5,200,MODULAR,16.43,4.344,75.00,
5005,5,200,MODULAR,17.33,4.334,70.50,
5107,5,200,MODULAR,16.80,4.345,73.00,
5210,6,200,MODULAR,21.25,4.282,91.00,
5322,6,200,MODULAR,16.65,4.307,70.50,126
5324,6,200,MODULAR,16.33,4.310,71.25,
5427,6,200,MODULAR,16.20,4.344,70.50,
5529,6,200,MODULAR,16.05,4.321,76.25,
5631,6,200,MODULAR,16.25,4.343,70.50,
5734,6,200,MODULAR,16.10,4.345,72.00,
5837,7,200,MODULAR,21.20,4.298,91.00,
5949,7,200,MODULAR,17.43,4.323,69.75,126
5951,7,200,MODULAR,16.30,4.325,70.50,
6053,7,200,MODULAR,16.13,4.354,73.25,
6156,7,200,MODULAR,16.55,4.338,69.75,
6258,7,200,MODULAR,17.03,4.354,74.25,
6360,7,200,MODULAR,16.13,4.331,75.00,
6463,8,200,MODULAR,20.58,4.310,89.25,
6575,8,200,MODULAR,17.30,4.316,74.50,126
6577,8,200,MODULAR,16.78,4.320,72.50,
6680,8,200,MODULAR,16.40,4.346,69.25,
6782,8,200,MODULAR,17.53,4.345,76.25,
6885,8,200,MODULAR,16.05,4.347,69.25,
6987,8,200,MODULAR,16.80,4.335,70.00,
7090,9,200,MODULAR,21.33,4.307,87.25,
7202,9,200,MODULAR,16.15,4.311,69.75,126
7204,9,200,MODULAR,16.43,4.316,70.50,
7306,9,200,MODULAR,16.15,4.332,76.25,
7409,9,200,MODULAR,17.50,4.346,76.25,
7511,9,200,MODULAR,16.13,4.323,74.25,
7613,9,200,MODULAR,16.48,4.341,71.75,
7716,10,200,MODULAR,21.18,4.274,86.50,
7830,10,200,MODULAR,17.35,4.310,75.00,126
7833,10,200,MODULAR,17.40,4.316,70.00,
7935,10,200,MODULAR,16.23,4.338,73.75,
8037,10,200,MODULAR,15.98,4.345,69.75,
8140,10,200,MODULAR,16.00,4.332,75.25,
8242,10,200,MODULAR,17.05,4.347,74.25,
1003,,,,16.05,4.468,74.25,
1106,,,,15.70,4.479,70.50,
1208,,,,16.58,4.485,69.75,
1310,,,,15.58,4.474,69.75,
1413,,,,16.70,4.470,69.25,
1515,,,,16.25,4.445,74.50,
1617,,,,16.43,4.457,73.25,
1720,,,,16.48,4.440,71.25,
1822,,,,16.90,4.466,75.25,
1925,,,,16.58,4.471,73.25,
2028,1,40,TRUNCATION,15.98,4.468,69.75,
2131,1,40,TRUNCATION,16.60,4.470,74.25,3
2133,1,40,TRUNCATION,17.00,4.454,75.75,
2236,1,40,TRUNCATION,16.70,4.451,73.75,
2338,1,40,TRUNCATION,15.80,4.465,70.50,
2440,1,40,TRUNCATION,16.75,4.470,69.25,
2544,2,40,TRUNCATION,15.38,4.460,68.50,
2647,2,40,TRUNCATION,16.55,4.450,71.75,4
2649,2,40,TRUNCATION,16.38,4.450,73.00,
2751,2,40,TRUNCATION,16.68,4.472,73.25,
2854,2,40,TRUNCATION,16.88,4.469,73.00,
2956,2,40,TRUNCATION,16.50,4.485,74.25,
3068,3,40,TRUNCATION,16.15,4.457,73.25,
3171,3,40,TRUNCATION,15.65,4.466,73.75,3
3173,3,40,TRUNCATION,16.48,4.460,72.00,
3275,3,40,TRUNCATION,16.55,4.486,74.25,
3378,3,40,TRUNCATION,16.78,4.492,72.00,
3480,3,40,TRUNCATION,16.78,4.488,75.25,
3597,4,40,TRUNCATION,15.90,4.468,74.25,
3700,4,40,TRUNCATION,15.75,4.491,73.75,3
3702,4,40,TRUNCATION,16.50,4.472,72.50,
3805,4,40,TRUNCATION,16.05,4.500,72.00,
3907,4,40,TRUNCATION,15.73,4.477,74.25,
4010,4,40,TRUNCATION,15.78,4.501,70.75,
4126,5,40,TRUNCATION,15.63,4.475,72.50,
4229,5,40,TRUNCATION,16.53,4.494,73.25,3
4231,5,40,TRUNCATION,16.33,4.477,70.75,
4333,5,40,TRUNCATION,16.58,4.485,70.75,
4436,5,40,TRUNCATION,15.65,4.488,73.75,
4538,5,40,TRUNCATION,15.98,4.474,75.00,
4655,6,40,TRUNCATION,16.35,4.461,72.50,
4758,6,40,TRUNCATION,16.08,4.485,71.25,3
4760,6,40,TRUNCATION,15.98,4.463,75.75,
4862,6,40,TRUNCATION,15.88,4.479,75.25,
4965,6,40,TRUNCATION,16.05,4.485,72.00,
5067,6,40,TRUNCATION,16.05,4.468,71.25,
5184,7,40,TRUNCATION,16.53,4.460,74.25,
5287,7,40,TRUNCATION,16.20,4.488,72.50,3
5289,7,40,TRUNCATION,16.10,4.464,71.75,
5391,7,40,TRUNCATION,16.35,4.477,75.00,
5494,7,40,TRUNCATION,16.03,4.492,72.00,
5596,7,40,TRUNCATION,15.95,4.495,70.75,
5713,8,40,TRUNCATION,15.58,4.463,70.50,
5816,8,40,TRUNCATION,16.78,4.485,75.25,3
5818,8,40,TRUNCATION,16.50,4.469,73.75,
5920,8,40,TRUNCATION,16.33,4.469,73.25,
6023,8,40,TRUNCATION,16.40,4.489,73.75,
6125,8,40,TRUNCATION,16.45,4.486,73.25,
6242,9,40,TRUNCATION,16.60,4.455,69.75,
6345,9,40,TRUNCATION,16.70,4.469,74.50,3
6347,9,40,TRUNCATION,16.10,4.456,71.75,
6449,9,40,TRUNCATION,16.05,4.481,74.50,
6552,9,40,TRUNCATION,16.65,4.475,74.50,
6654,9,40,TRUNCATION,16.53,4.486,70.00,
6773,10,40,TRUNCATION,16.63,4.455,74.25,
6876,10,40,TRUNCATION,15.80,4.456,73.75,3
6878,10,40,TRUNCATION,16.93,4.456,75.25,
6980,10,40,TRUNCATION,16.88,4.477,70.50,
7083,10,40,TRUNCATION,16.25,4.464,72.50,
7185,10,40,TRUNCATION,15.75,4.469,70.50,
1108,,,,16.58,4.503,72.00,
1210,,,,16.20,4.514,73.25,
1312,,,,15.68,4.496,73.00,
1415,,,,15.78,4.516,71.25,
1517,,,,15.78,4.515,73.00,
1619,,,,16.20,4.506,70.75,
1722,,,,16.43,4.519,74.25,
1824,,,,16.53,4.504,74.25,
1926,,,,15.73,4.519,71.25,
2030,1,80,TRUNCATION,15.83,4.490,71.25,
2133,1,80,TRUNCATION,15.78,4.492,73.25,29
2135,1,80,TRUNCATION,16.30,4.490,70.75,
2238,1,80,TRUNCATION,16.28,4.519,73.75,
2340,1,80,TRUNCATION,15.93,4.500,75.00,
2442,1,80,TRUNCATION,16.63,4.521,75.25,
2548,2,80,TRUNCATION,15.73,4.494,71.75,
2651,2,80,TRUNCATION,16.63,4.519,70.00,28
2653,2,80,TRUNCATION,15.58,4.500,73.75,
2755,2,80,TRUNCATION,15.60,4.514,70.50,
2858,2,80,TRUNCATION,16.65,4.520,70.00,
2960,2,80,TRUNCATION,16.55,4.508,75.00,
3079,3,80,TRUNCATION,15.85,4.500,71.25,
3182,3,80,TRUNCATION,16.35,4.520,68.75,28
3184,3,80,TRUNCATION,15.30,4.497,75.25,
3286,3,80,TRUNCATION,15.93,4.514,74.25,
3389,3,80,TRUNCATION,16.08,4.516,72.50,
3491,3,80,TRUNCATION,16.48,4.503,73.75,
3610,4,80,TRUNCATION,16.43,4.496,68.75,
3713,4,80,TRUNCATION,15.65,4.512,70.50,29
3715,4,80,TRUNCATION,16.78,4.500,69.75,
3817,4,80,TRUNCATION,16.40,4.509,74.25,
3920,4,80,TRUNCATION,15.55,4.517,70.50,
4022,4,80,TRUNCATION,16.28,4.521,71.75,
4141,5,80,TRUNCATION,15.38,4.494,74.25,
4244,5,80,TRUNCATION,16.50,4.508,74.50,29
4246,5,80,TRUNCATION,16.53,4.501,74.50,
4349,5,80,TRUNCATION,16.43,4.503,74.25,
4451,5,80,TRUNCATION,16.18,4.521,73.25,
4553,5,80,TRUNCATION,16.58,4.517,72.50,
4672,6,80,TRUNCATION,15.38,4.495,73.75,
4775,6,80,TRUNCATION,16.48,4.506,74.25,29
4777,6,80,TRUNCATION,15.80,4.503,71.25,
4880,6,80,TRUNCATION,16.33,4.517,73.25,
4982,6,80,TRUNCATION,16.10,4.517,73.25,
5085,6,80,TRUNCATION,15.68,4.524,68.75,
5203,7,80,TRUNCATION,15.48,4.495,69.75,
5306,7,80,TRUNCATION,16.58,4.500,73.25,29
5309,7,80,TRUNCATION,16.23,4.504,73.00,
5411,7,80,TRUNCATION,16.25,4.520,73.00,
5513,7,80,TRUNCATION,16.65,4.510,74.25,
5616,7,80,TRUNCATION,16.53,4.520,74.50,
5734,8,80,TRUNCATION,15.38,4.496,69.25,
5837,8,80,TRUNCATION,16.30,4.500,74.25,29
5840,8,80,TRUNCATION,16.43,4.501,71.75,
5942,8,80,TRUNCATION,15.83,4.524,71.75,
6044,8,80,TRUNCATION,15.98,4.505,70.50,
6147,8,80,TRUNCATION,16.15,4.525,73.00,
6266,9,80,TRUNCATION,15.78,4.500,73.00,
6369,9,80,TRUNCATION,16.15,4.499,70.50,28
6371,9,80,TRUNCATION,15.63,4.497,74.50,
6473,9,80,TRUNCATION,16.40,4.520,74.25,
6576,9,80,TRUNCATION,16.20,4.524,72.50,
6678,9,80,TRUNCATION,16.18,4.516,73.00,
6799,10,80,TRUNCATION,15.78,4.497,72.50,
6902,10,80,TRUNCATION,15.40,4.521,70.75,28
6904,10,80,TRUNCATION,15.73,4.497,74.25,
7006,10,80,TRUNCATION,16.48,4.520,74.50,
7109,10,80,TRUNCATION,15.48,4.523,73.75,
7211,10,80,TRUNCATION,15.78,4.510,73.00,
695,,,,17.45,4.300,74.25,
798,,,,16.83,4.316,72.50,
900,,,,16.85,4.306,74.25,
1002,,,,16.33,4.321,72.00,
1105,,,,16.83,4.327,71.75,
1207,,,,16.53,4.323,75.25,
1309,,,,17.40,4.324,75.25,
1412,,,,16.58,4.341,73.25,
1514,,,,17.15,4.352,74.50,
1616,,,,17.53,4.351,69.25,
1719,,,,17.13,4.343,70.50,
1821,,,,16.90,4.341,73.25,
1924,,,,16.95,4.315,75.75,
2031,1,120,TRUNCATION,21.18,4.242,89.75,
2134,1,120,TRUNCATION,16.58,4.304,71.25,99
2136,1,120,TRUNCATION,17.10,4.293,73.25,
2238,1,120,TRUNCATION,16.48,4.327,72.50,
2341,1,120,TRUNCATION,16.20,4.338,75.25,
2443,1,120,TRUNCATION,17.18,4.364,71.75,
2545,1,120,TRUNCATION,16.60,4.354,74.25,
2649,2,120,TRUNCATION,20.73,4.330,88.50,
2752,2,120,TRUNCATION,17.33,4.352,75.25,99
2754,2,120,TRUNCATION,16.60,4.326,71.75,
2856,2,120,TRUNCATION,17.13,4.343,70.50,
2959,2,120,TRUNCATION,16.78,4.375,73.25,
3061,2,120,TRUNCATION,16.60,4.376,74.50,
3163,2,120,TRUNCATION,16.45,4.372,72.00,
3266,3,120,TRUNCATION,20.55,4.306,89.00,
3369,3,120,TRUNCATION,16.88,4.369,72.00,99
3372,3,120,TRUNCATION,16.60,4.338,75.75,
3474,3,120,TRUNCATION,17.08,4.356,72.50,
3576,3,120,TRUNCATION,17.03,4.374,68.50,
3679,3,120,TRUNCATION,17.20,4.363,73.75,
3829,4,120,TRUNCATION,20.65,4.325,88.00,
3932,4,120,TRUNCATION,17.15,4.363,73.25,100
3934,4,120,TRUNCATION,16.85,4.366,71.75,
4037,4,120,TRUNCATION,16.60,4.391,73.00,
4139,4,120,TRUNCATION,16.00,4.383,75.00,
4242,4,120,TRUNCATION,16.63,4.372,73.00,
4344,4,120,TRUNCATION,16.55,4.374,74.25,
4447,5,120,TRUNCATION,20.60,4.318,89.00,
4550,5,120,TRUNCATION,16.73,4.339,72.00,99
4552,5,120,TRUNCATION,16.60,4.338,71.25,
4655,5,120,TRUNCATION,16.68,4.378,73.00,
4757,5,120,TRUNCATION,17.18,4.360,72.00,
4859,5,120,TRUNCATION,17.18,4.380,75.25,
4962,5,120,TRUNCATION,16.68,4.372,74.50,
5065,6,120,TRUNCATION,20.83,4.332,89.25,
5168,6,120,TRUNCATION,16.10,4.354,70.00,100
5170,6,120,TRUNCATION,16.95,4.345,73.75,
5273,6,120,TRUNCATION,16.38,4.367,74.50,
5375,6,120,TRUNCATION,17.13,4.369,75.00,
5477,6,120,TRUNCATION,16.43,4.389,68.00,
5628,7,120,TRUNCATION,20.28,4.330,89.25,
5731,7,120,TRUNCATION,16.23,4.401,71.25,99
5733,7,120,TRUNCATION,17.30,4.372,70.00,
5835,7,120,TRUNCATION,16.20,4.391,73.25,
5938,7,120,TRUNCATION,16.53,4.407,73.00,
6040,7,120,TRUNCATION,16.98,4.378,71.25,
6142,7,120,TRUNCATION,16.25,4.404,71.75,
6246,8,120,TRUNCATION,20.63,4.332,88.00,
6349,8,120,TRUNCATION,16.98,4.400,67.50,100
6351,8,120,TRUNCATION,15.53,4.365,73.00,
6454,8,120,TRUNCATION,16.78,4.398,73.75,
6556,8,120,TRUNCATION,16.30,4.375,72.50,
6658,8,120,TRUNCATION,17.03,4.401,75.00,
6761,8,120,TRUNCATION,16.10,4.399,74.25,
6864,9,120,TRUNCATION,20.68,4.351,90.00,
6967,9,120,TRUNCATION,16.13,4.366,72.00,99
6969,9,120,TRUNCATION,17.35,4.365,75.75,
7072,9,120,TRUNCATION,17.28,4.405,71.75,
7174,9,120,TRUNCATION,17.13,4.395,73.75,
7276,9,120,TRUNCATION,16.45,4.405,72.50,
7428,10,120,TRUNCATION,20.48,4.332,89.00,
7531,10,120,TRUNCATION,15.78,4.375,75.25,100
7534,10,120,TRUNCATION,16.50,4.370,72.00,
7636,10,120,TRUNCATION,17.18,4.396,70.75,
7738,10,120,TRUNCATION,17.30,4.386,70.75,
7841,10,120,TRUNCATION,15.88,4.399,70.00,
7943,10,120,TRUNCATION,16.88,4.376,73.00,
695,,,,18.28,4.064,69.25,
798,,,,17.83,4.059,72.50,
900,,,,18.40,4.069,68.75,
1002,,,,16.88,4.120,69.75,
1105,,,,17.10,4.102,72.50,
1207,,,,17.45,4.055,71.75,
1309,,,,17.83,4.091,73.00,
1412,,,,18.10,4.075,73.00,
1514,,,,18.45,4.093,75.25,
1616,,,,17.45,4.095,73.75,
1719,,,,17.90,4.102,73.25,
1821,,,,16.98,4.120,72.50,
1923,,,,17.58,4.121,69.75,
2046,1,160,TRUNCATION,21.45,4.048,87.75,
2149,1,160,TRUNCATION,21.48,4.110,88.50,
2286,1,160,TRUNCATION,17.53,4.121,72.50,238
2289,1,160,TRUNCATION,17.60,4.122,72.50,
2391,1,160,TRUNCATION,16.55,4.177,72.00,
2493,1,160,TRUNCATION,17.50,4.188,67.25,
2596,1,160,TRUNCATION,16.50,4.177,69.75,
2698,1,160,TRUNCATION,16.55,4.210,69.75,
2801,2,160,TRUNCATION,21.28,4.109,88.50,
2904,2,160,TRUNCATION,21.70,4.140,86.50,
3025,2,160,TRUNCATION,17.73,4.150,73.75,238
3027,2,160,TRUNCATION,16.98,4.156,75.00,
3129,2,160,TRUNCATION,16.68,4.206,73.75,
3232,2,160,TRUNCATION,17.03,4.221,72.00,
3334,2,160,TRUNCATION,16.78,4.190,73.00,
3436,2,160,TRUNCATION,16.40,4.207,68.75,
3540,3,160,TRUNCATION,21.45,4.101,87.25,
3642,3,160,TRUNCATION,21.28,4.159,88.50,
3763,3,160,TRUNCATION,17.50,4.173,73.00,238
3765,3,160,TRUNCATION,17.48,4.177,73.00,
3868,3,160,TRUNCATION,17.28,4.188,70.75,
3970,3,160,TRUNCATION,17.73,4.215,74.50,
4072,3,160,TRUNCATION,17.68,4.205,69.25,
4175,3,160,TRUNCATION,16.70,4.200,72.00,
4278,4,160,TRUNCATION,21.55,4.086,87.25,
4380,4,160,TRUNCATION,21.70,4.141,89.75,
4501,4,160,TRUNCATION,16.85,4.139,69.75,238
4504,4,160,TRUNCATION,17.88,4.153,74.25,
4606,4,160,TRUNCATION,17.53,4.198,70.50,
4708,4,160,TRUNCATION,16.60,4.194,68.50,
4811,4,160,TRUNCATION,17.63,4.199,66.75,
4913,4,160,TRUNCATION,16.55,4.185,70.50,
5016,5,160,TRUNCATION,21.50,4.140,86.00,
5119,5,160,TRUNCATION,21.40,4.146,89.00,
5240,5,160,TRUNCATION,17.73,4.168,70.50,237
5242,5,160,TRUNCATION,16.63,4.175,69.75,
5344,5,160,TRUNCATION,17.03,4.224,73.25,
5447,5,160,TRUNCATION,17.53,4.213,69.75,
5549,5,160,TRUNCATION,17.05,4.234,72.00,
5652,5,160,TRUNCATION,17.38,4.204,69.25,
5755,6,160,TRUNCATION,21.48,4.173,88.00,
5857,6,160,TRUNCATION,21.23,4.164,89.00,
5978,6,160,TRUNCATION,16.40,4.189,72.50,238
5980,6,160,TRUNCATION,17.33,4.191,69.25,
6083,6,160,TRUNCATION,16.78,4.238,71.25,
6185,6,160,TRUNCATION,17.58,4.213,74.50,
6288,6,160,TRUNCATION,16.83,4.234,71.25,
6390,6,160,TRUNCATION,17.33,4.241,73.75,
6493,7,160,TRUNCATION,21.03,4.179,88.00,
6595,7,160,TRUNCATION,21.30,4.159,88.00,
6716,7,160,TRUNCATION,17.33,4.190,69.75,238
6719,7,160,TRUNCATION,16.58,4.196,73.75,
6821,7,160,TRUNCATION,17.65,4.246,75.00,
6924,7,160,TRUNCATION,17.80,4.254,70.50,
7026,7,160,TRUNCATION,17.58,4.254,75.00,
7128,7,160,TRUNCATION,16.43,4.262,73.00,
7231,8,160,TRUNCATION,20.93,4.191,87.75,
7334,8,160,TRUNCATION,20.70,4.205,86.00,
7455,8,160,TRUNCATION,16.93,4.202,70.00,238
7457,8,160,TRUNCATION,16.63,4.213,74.50,
7560,8,160,TRUNCATION,17.60,4.242,74.50,
7662,8,160,TRUNCATION,17.33,4.253,72.00,
7764,8,160,TRUNCATION,17.65,4.245,69.75,
7867,8,160,TRUNCATION,16.90,4.270,72.00,
7970,9,160,TRUNCATION,20.85,4.186,87.25,
8072,9,160,TRUNCATION,21.10,4.225,85.50,
8193,9,160,TRUNCATION,17.48,4.225,71.75,238
8196,9,160,TRUNCATION,16.98,4.227,71.25,
8298,9,160,TRUNCATION,17.33,4.260,75.00,
8400,9,160,TRUNCATION,17.03,4.261,72.50,
8503,9,160,TRUNCATION,17.78,4.240,70.50,
8605,9,160,TRUNCATION,16.48,4.258,70.00,
8708,10,160,TRUNCATION,20.95,4.155,85.25,
8810,10,160,TRUNCATION,20.95,4.209,88.00,
8934,10,160,TRUNCATION,17.33,4.216,73.00,238
8936,10,160,TRUNCATION,17.15,4.216,72.50,
9038,10,160,TRUNCATION,16.45,4.235,72.00,
9141,10,160,TRUNCATION,16.43,4.258,70.00,
9243,10,160,TRUNCATION,16.70,4.258,69.25,
9345,10,160,TRUNCATION,16.70,4.261,71.75,
1006,,,,17.60,4.238,70.00,
1108,,,,17.48,4.194,71.25,
1211,,,,16.85,4.210,70.75,
1313,,,,16.80,4.189,71.75,
1415,,,,16.38,4.211,68.75,
1518,,,,17.75,4.246,71.25,
1620,,,,17.53,4.239,75.00,
1722,,,,17.15,4.247,72.50,
1825,,,,16.70,4.225,69.25,
1927,,,,17.48,4.247,74.25,
2068,1,200,TRUNCATION,21.35,4.124,91.00,
2170,1,200,TRUNCATION,21.70,4.194,87.25,
2272,1,200,TRUNCATION,21.55,4.175,91.00,
2375,1,200,TRUNCATION,21.70,4.193,91.00,
2478,1,200,TRUNCATION,16.35,4.210,68.75,364
2480,1,200,TRUNCATION,17.58,4.196,73.75,
2582,1,200,TRUNCATION,16.43,4.236,68.75,
2685,1,200,TRUNCATION,16.78,4.241,73.75,
2787,1,200,TRUNCATION,17.25,4.247,73.25,
2933,2,200,TRUNCATION,21.58,4.117,89.00,
3035,2,200,TRUNCATION,21.93,4.137,90.50,
3137,2,200,TRUNCATION,22.48,4.153,93.50,
3240,2,200,TRUNCATION,22.43,4.150,89.25,
3343,2,200,TRUNCATION,17.28,4.216,73.00,364
3345,2,200,TRUNCATION,16.60,4.176,74.25,
3447,2,200,TRUNCATION,16.50,4.216,74.25,
3550,2,200,TRUNCATION,16.53,4.213,69.75,
3652,2,200,TRUNCATION,16.68,4.173,68.00,
3798,3,200,TRUNCATION,22.10,4.115,90.00,
3900,3,200,TRUNCATION,22.48,4.157,93.50,
4003,3,200,TRUNCATION,21.65,4.162,88.50,
4105,3,200,TRUNCATION,21.90,4.184,91.75,
4208,3,200,TRUNCATION,16.73,4.198,72.00,365
4210,3,200,TRUNCATION,17.13,4.198,71.75,
4313,3,200,TRUNCATION,16.68,4.239,70.75,
4415,3,200,TRUNCATION,17.80,4.242,70.75,
4517,3,200,TRUNCATION,17.70,4.238,75.00,
4663,4,200,TRUNCATION,22.15,4.131,91.25,
4765,4,200,TRUNCATION,21.23,4.181,86.75,
4868,4,200,TRUNCATION,21.93,4.171,92.25,
4970,4,200,TRUNCATION,21.28,4.181,89.00,
5073,4,200,TRUNCATION,17.88,4.220,75.25,365
5075,4,200,TRUNCATION,16.50,4.190,69.25,
5178,4,200,TRUNCATION,16.80,4.233,74.25,
5280,4,200,TRUNCATION,17.33,4.234,73.25,
5383,4,200,TRUNCATION,17.18,4.224,73.00,
5528,5,200,TRUNCATION,21.65,4.075,91.25,
5631,5,200,TRUNCATION,22.43,4.137,91.00,
5733,5,200,TRUNCATION,22.35,4.156,93.00,
5835,5,200,TRUNCATION,21.88,4.130,91.75,
5938,5,200,TRUNCATION,16.75,4.219,70.75,365
5941,5,200,TRUNCATION,16.93,4.175,74.25,
6043,5,200,TRUNCATION,17.90,4.215,71.25,
6145,5,200,TRUNCATION,17.78,4.214,68.50,
6248,5,200,TRUNCATION,17.45,4.200,72.50,
6393,6,200,TRUNCATION,22.65,4.048,89.00,
6496,6,200,TRUNCATION,22.55,4.125,93.00,
6598,6,200,TRUNCATION,22.25,4.119,93.00,
6700,6,200,TRUNCATION,22.05,4.153,91.75,
6804,6,200,TRUNCATION,17.18,4.189,68.00,364
6806,6,200,TRUNCATION,16.25,4.184,74.25,
6908,6,200,TRUNCATION,16.75,4.225,70.00,
7011,6,200,TRUNCATION,16.65,4.215,73.00,
7113,6,200,TRUNCATION,16.63,4.231,70.50,
7259,7,200,TRUNCATION,22.10,4.100,90.50,
7361,7,200,TRUNCATION,22.35,4.140,92.50,
7463,7,200,TRUNCATION,21.70,4.164,90.50,
7566,7,200,TRUNCATION,22.13,4.160,88.50,
7669,7,200,TRUNCATION,16.53,4.233,70.00,364
7671,7,200,TRUNCATION,16.98,4.200,71.25,
7773,7,200,TRUNCATION,16.80,4.226,71.25,
7876,7,200,TRUNCATION,17.58,4.251,74.50,
7978,7,200,TRUNCATION,16.55,4.247,72.00,
8124,8,200,TRUNCATION,21.88,4.119,89.75,
8226,8,200,TRUNCATION,21.30,4.188,89.25,
8328,8,200,TRUNCATION,21.33,4.190,89.25,
8431,8,200,TRUNCATION,21.65,4.180,89.25,
8534,8,200,TRUNCATION,16.73,4.200,70.50,365
8536,8,200,TRUNCATION,16.73,4.193,70.00,
8639,8,200,TRUNCATION,16.98,4.234,72.00,
8741,8,200,TRUNCATION,17.85,4.230,68.75,
8843,8,200,TRUNCATION,17.48,4.227,73.75,
8989,9,200,TRUNCATION,22.13,4.088,90.50,
9091,9,200,TRUNCATION,22.48,4.144,91.00,
9194,9,200,TRUNCATION,22.15,4.136,90.50,
9296,9,200,TRUNCATION,22.08,4.149,91.75,
9399,9,200,TRUNCATION,17.70,4.199,74.25,365
9401,9,200,TRUNCATION,16.50,4.180,68.75,
9504,9,200,TRUNCATION,16.93,4.222,69.25,
9606,9,200,TRUNCATION,17.85,4.215,70.75,
9708,9,200,TRUNCATION,17.23,4.227,73.00,
9856,10,200,TRUNCATION,21.68,4.086,93.75,
9959,10,200,TRUNCATION,22.25,4.129,93.00,
10061,10,200,TRUNCATION,22.38,4.142,92.50,
10163,10,200,TRUNCATION,22.28,4.124,89.75,
10266,10,200,TRUNCATION,17.25,4.230,72.00,365
10269,10,200,TRUNCATION,17.20,4.181,73.25,
10371,10,200,TRUNCATION,16.85,4.218,71.75,
10473,10,200,TRUNCATION,16.78,4.227,70.75,
10576,10,200,TRUNCATION,16.65,4.204,71.25,